Sub_Function,Task,Primary_Agent_Pattern,Secondary_Agent_Pattern,Orchestration_Type,API_Requirements,Tools_Libraries,Human_In_Loop,Automation_Level
1. General Ledger (GL) Management,Transaction capture and validation,Tool Use Pattern,Reflection Pattern,Sequential,"SAP HANA API, Bank APIs, Document Scanner APIs","OCR libraries (Tesseract), SAP APIs, pandas, NumPy","Exception handling, complex transactions",90%
1. General Ledger (GL) Management,GL code review and approval,Multi-Agent Pattern,Human-in-Loop Pattern,Hierarchical,"SAP GL APIs, Workflow APIs","SAP Python connector, approval workflow engines",Final approval for high-value entries,85%
1. General Ledger (GL) Management,Journal entry posting,Sequential Pattern,Tool Use Pattern,Sequential,"SAP HANA APIs, Audit Trail APIs","SAP RFC connector, logging libraries",Exception review,95%
1. General Ledger (GL) Management,Monthly reconciliation,Parallel Multi-Agent Pattern,Reflection Pattern,Concurrent,"Bank APIs, SAP APIs, External system APIs","pandas, NumPy, reconciliation algorithms",Discrepancy investigation,80%
1. General Ledger (GL) Management,Period closure and locking,Planning Pattern,Tool Use Pattern,Sequential,"Period APIs, Validation APIs","Closure automation, validation systems",Final closure approval,85%
2. Accounts Payable (AP),Invoice intake and digitization,Tool Use Pattern,Reflection Pattern,Sequential,"OCR APIs, Document AI APIs, SAP APIs","OpenCV, Tesseract, Google Document AI",Low-quality document review,95%
2. Accounts Payable (AP),PO/GRN matching,Multi-Agent Pattern,Tool Use Pattern,Parallel,"SAP MM APIs, Purchase Order APIs","Fuzzy matching libraries, pandas",Unmatched item resolution,85%
2. Accounts Payable (AP),Vendor compliance validation,Tool Use Pattern,Planning Pattern,Sequential,"GST Verification API, PAN API, Bank Verification API","Compliance checking libraries, validation frameworks",New vendor approval,90%
2. Accounts Payable (AP),Approval routing,Hierarchical Multi-Agent Pattern,Human-in-Loop Pattern,Hierarchical,"Workflow APIs, Notification APIs","Workflow engines, notification systems",Approval decisions,70%
2. Accounts Payable (AP),Fraud detection,Multi-Agent Pattern,Reflection Pattern,Parallel,"ML APIs, Fraud Detection APIs","scikit-learn, TensorFlow, anomaly detection libraries",Fraud investigation,85%
2. Accounts Payable (AP),Payment execution,Sequential Pattern,Human-in-Loop Pattern,Sequential,"Banking APIs, RTGS/NEFT APIs, UPI APIs","Payment gateway SDKs, encryption libraries",High-value payment approval,80%
2. Accounts Payable (AP),Archive and compliance,Tool Use Pattern,Planning Pattern,Sequential,"Cloud Storage APIs, Document Management APIs","AWS S3, Azure Blob, document indexing",Compliance review,95%
3. Accounts Receivable (AR),GST-compliant invoice generation,Tool Use Pattern,Reflection Pattern,Sequential,"GST APIs, E-Invoice APIs, PDF Generation APIs","Invoice generation libraries, PDF libraries",Custom invoice approval,95%
3. Accounts Receivable (AR),Receipt processing and matching,Multi-Agent Pattern,Tool Use Pattern,Parallel,"Bank APIs, Payment Gateway APIs","Payment matching algorithms, pandas",Unmatched payment resolution,90%
3. Accounts Receivable (AR),Automated payment reminders,Planning Pattern,Tool Use Pattern,Sequential,"Email APIs, SMS APIs, WhatsApp Business API","Communication libraries, scheduling systems",Special customer handling,95%
3. Accounts Receivable (AR),Dispute management,Human-in-Loop Pattern,Multi-Agent Pattern,Hierarchical,"CRM APIs, Document APIs","Case management systems, workflow tools",Dispute resolution,50%
3. Accounts Receivable (AR),Customer ledger reconciliation,Parallel Multi-Agent Pattern,Reflection Pattern,Concurrent,"SAP AR APIs, Customer APIs","Reconciliation libraries, data analysis tools",Exception investigation,85%
4. Fixed Asset Accounting (FA),Asset recording from CAPEX,Sequential Pattern,Tool Use Pattern,Sequential,"SAP Asset APIs, Approval APIs","Asset management libraries, SAP connectors",Asset classification,80%
4. Fixed Asset Accounting (FA),Asset tagging and coding,Tool Use Pattern,Planning Pattern,Sequential,"Asset Management APIs, QR Code APIs","QR code generators, asset tracking systems",Physical tagging verification,75%
4. Fixed Asset Accounting (FA),Depreciation scheduling,Planning Pattern,Tool Use Pattern,Sequential,"SAP Asset APIs, Calculation APIs","Depreciation calculation libraries, scheduling systems",Method review,95%
4. Fixed Asset Accounting (FA),Physical verification,Multi-Agent Pattern,Human-in-Loop Pattern,Hierarchical,"Asset APIs, Mobile APIs, Location APIs","Mobile apps, GPS tracking, RFID systems",Physical inspection,40%
4. Fixed Asset Accounting (FA),Asset disposal processing,Sequential Pattern,Human-in-Loop Pattern,Sequential,"Asset APIs, GST APIs, Approval APIs","Asset disposal workflows, tax calculation",Disposal approval,70%
5. Lease & Contract Management (RE-FX),Property and contract master data entry,Tool Use Pattern,Reflection Pattern,Sequential,"SAP RE-FX APIs, Document APIs","Data validation libraries, OCR tools",Contract review,85%
5. Lease & Contract Management (RE-FX),Rent invoice generation,Planning Pattern,Tool Use Pattern,Sequential,"Invoice APIs, GST APIs, RE-FX APIs","Invoice generation, tax calculation",Custom terms approval,90%
5. Lease & Contract Management (RE-FX),Compliance tracking (RERA/stamp duty),Multi-Agent Pattern,Tool Use Pattern,Parallel,"RERA APIs, Stamp Duty APIs, Legal APIs","Compliance monitoring, alert systems",Legal review,80%
5. Lease & Contract Management (RE-FX),Contract renewal reminders,Planning Pattern,Tool Use Pattern,Sequential,"Calendar APIs, Notification APIs","Scheduling systems, reminder engines",Renewal negotiations,90%
5. Lease & Contract Management (RE-FX),Overdue payment escalation,Hierarchical Multi-Agent Pattern,Human-in-Loop Pattern,Hierarchical,"Communication APIs, Workflow APIs","Escalation engines, communication systems",Legal action decisions,75%
6. Budgeting & Forecasting,Budget setup and approval,Hierarchical Multi-Agent Pattern,Human-in-Loop Pattern,Hierarchical,"Budget APIs, Approval APIs","Budget planning tools, workflow systems",Budget approval,60%
6. Budgeting & Forecasting,Variance analysis monitoring,Multi-Agent Pattern,Reflection Pattern,Parallel,"Analytics APIs, SAP APIs","Statistical analysis libraries, visualization tools",Variance interpretation,85%
6. Budgeting & Forecasting,Budget adjustment approvals,Human-in-Loop Pattern,Hierarchical Multi-Agent Pattern,Hierarchical,"Approval APIs, Workflow APIs",Approval workflow systems,Adjustment decisions,50%
6. Budgeting & Forecasting,Forecast reporting,Multi-Agent Pattern,Tool Use Pattern,Parallel,"Analytics APIs, Reporting APIs","Forecasting libraries, reporting tools",Forecast validation,90%
6. Budgeting & Forecasting,Dashboard review with management,Tool Use Pattern,Human-in-Loop Pattern,Sequential,"Dashboard APIs, Analytics APIs","BI tools, visualization libraries",Management review,30%
7. Bank & Cash Management,Daily transaction posting,Tool Use Pattern,Reflection Pattern,Sequential,"Bank APIs, SAP APIs","Banking connectors, transaction processing",Exception handling,95%
7. Bank & Cash Management,Bank reconciliation,Multi-Agent Pattern,Tool Use Pattern,Parallel,"Bank APIs, SAP Bank APIs","Reconciliation algorithms, matching libraries",Unmatched item investigation,85%
7. Bank & Cash Management,Dual approval for payments,Human-in-Loop Pattern,Sequential Pattern,Sequential,"Approval APIs, Banking APIs","Digital signature systems, approval workflows",Dual authorization,60%
7. Bank & Cash Management,Exception investigation,Multi-Agent Pattern,Human-in-Loop Pattern,Hierarchical,"Investigation APIs, Audit APIs","Investigation tools, audit trail systems",Complex exception resolution,70%
7. Bank & Cash Management,Cash flow management,Planning Pattern,Multi-Agent Pattern,Hierarchical,"Cash Flow APIs, Forecasting APIs","Cash flow modeling, predictive analytics",Strategic decisions,75%
8. Taxation & Statutory Compliance,GST/TDS calculation,Tool Use Pattern,Reflection Pattern,Sequential,"GST APIs, TDS APIs, Tax Calculation APIs","Tax calculation libraries, compliance tools",Complex tax scenarios,95%
8. Taxation & Statutory Compliance,Return filing automation,Sequential Pattern,Tool Use Pattern,Sequential,"GSTN APIs, Income Tax APIs, E-filing APIs","Filing automation tools, API clients",Filing review,90%
8. Taxation & Statutory Compliance,Compliance monitoring,Multi-Agent Pattern,Tool Use Pattern,Parallel,"Audit APIs, Monitoring APIs","Compliance monitoring, audit systems",Compliance strategy,85%
8. Taxation & Statutory Compliance,Document archival,Tool Use Pattern,Planning Pattern,Sequential,"Document APIs, Cloud Storage APIs","Archival systems, indexing tools",Retention policy review,95%
8. Taxation & Statutory Compliance,Deadline tracking,Planning Pattern,Tool Use Pattern,Sequential,"Calendar APIs, Notification APIs","Deadline tracking, reminder systems",Priority setting,90%
9. Financial Reporting & Closing,MIS report generation,Multi-Agent Pattern,Tool Use Pattern,Parallel,"Reporting APIs, Data APIs","Report generators, data processing",Report customization,85%
9. Financial Reporting & Closing,Project-wise consolidation,Parallel Multi-Agent Pattern,Tool Use Pattern,Parallel,"Project APIs, Consolidation APIs","Consolidation tools, data aggregation",Consolidation review,80%
9. Financial Reporting & Closing,Audit adjustment processing,Human-in-Loop Pattern,Sequential Pattern,Sequential,"Audit APIs, Adjustment APIs","Audit trail systems, adjustment workflows",Adjustment approval,60%
9. Financial Reporting & Closing,Period closure and locking,Planning Pattern,Tool Use Pattern,Sequential,"Period APIs, Validation APIs","Closure automation, validation systems",Final closure approval,85%
9. Financial Reporting & Closing,Regulatory reporting,Multi-Agent Pattern,Tool Use Pattern,Parallel,"Regulatory APIs, Filing APIs","Regulatory reporting tools, compliance systems",Report review,80%
10. Internal Controls & Audit,Access control management,Hierarchical Multi-Agent Pattern,Human-in-Loop Pattern,Hierarchical,"Identity APIs, Access Management APIs","IAM systems, access control frameworks",Access decisions,70%
10. Internal Controls & Audit,Compliance monitoring,Multi-Agent Pattern,Tool Use Pattern,Parallel,"Audit APIs, Monitoring APIs","Compliance monitoring, audit systems",Compliance strategy,85%
10. Internal Controls & Audit,Exception logging,Tool Use Pattern,Planning Pattern,Sequential,"Logging APIs, Exception APIs","Logging frameworks, exception handling",Exception categorization,90%
10. Internal Controls & Audit,Risk assessment,Multi-Agent Pattern,Human-in-Loop Pattern,Hierarchical,"Risk APIs, Analytics APIs","Risk assessment tools, ML libraries",Risk evaluation,75%
10. Internal Controls & Audit,Management escalation,Hierarchical Multi-Agent Pattern,Human-in-Loop Pattern,Hierarchical,"Escalation APIs, Communication APIs","Escalation systems, notification engines",Escalation decisions,60%
